{"cameraMode":{"drawMode":0,"name":"Shaded","section":"Shading Mode"},"sceneLighting":false,"audioPlay":false,"sceneViewState":{"showFog":true,"showMaterialUpdate":true,"showSkybox":false,"showFlares":true,"showImageEffects":true,"showParticleSystems":true},"in2DMode":false,"pivot":{"x":0.29580050706863406,"y":2.9751126766204836,"z":-0.2108423262834549},"rotation":{"x":-0.05583265796303749,"y":0.8211278319358826,"z":-0.08155851066112519,"w":-0.5621210932731628},"size":8.74482536315918,"orthographic":false}