{"cameraMode":{"drawMode":0,"name":"Shaded","section":"Shading Mode"},"sceneLighting":false,"audioPlay":false,"sceneViewState":{"showFog":true,"showMaterialUpdate":true,"showSkybox":true,"showFlares":true,"showImageEffects":true,"showParticleSystems":true},"in2DMode":false,"pivot":{"x":34.43621826171875,"y":-14.435928344726563,"z":-32.64374923706055},"rotation":{"x":-0.592902660369873,"y":-0.016426386311650277,"z":0.012099075131118298,"w":-0.8050193190574646},"size":22.0,"orthographic":false}