{"cameraMode":{"drawMode":0,"name":"Shaded","section":"Shading Mode"},"sceneLighting":false,"audioPlay":false,"sceneViewState":{"showFog":true,"showMaterialUpdate":true,"showSkybox":false,"showFlares":true,"showImageEffects":true,"showParticleSystems":true},"in2DMode":false,"pivot":{"x":35.961891174316409,"y":2.0,"z":-48.382469177246097},"rotation":{"x":0.4357698857784271,"y":0.004050238523632288,"z":-0.0019609786104410888,"w":0.9000468850135803},"size":2.8578836917877199,"orthographic":false}