{"cameraMode":{"drawMode":0,"name":"Shaded","section":"Shading Mode"},"sceneLighting":false,"audioPlay":false,"sceneViewState":{"showFog":true,"showMaterialUpdate":true,"showSkybox":true,"showFlares":true,"showImageEffects":true,"showParticleSystems":true},"in2DMode":false,"pivot":{"x":14.346156120300293,"y":7.345045566558838,"z":2.8212838172912599},"rotation":{"x":-0.4012409448623657,"y":-0.08772050589323044,"z":0.038638029247522357,"w":-0.9109435081481934},"size":6.834753513336182,"orthographic":false}